Dataset,Model,MAE,RMSE,R2
Previous Holdout (2019-2022),Random Forest,1.4110834125894123,2.4865256835598983,0.4813445529940159
Previous Holdout (2019-2022),XGBoost,1.408338147752169,2.493684276629423,0.4783538838322092
New Validation (2023-2024),Random Forest,2.5454988945974706,2.75225957574226,0.08098201911566272
New Validation (2023-2024),XGBoost,2.8701745211622396,3.1229570840368988,-0.1832520296115141
